Category,Item,Serving Size,Calories,Calories from Fat,Total Fat,Total Fat (% Daily Value),Saturated Fat,Saturated Fat (% Daily Value),Trans Fat,Cholesterol,Cholesterol (% Daily Value),Sodium,Sodium (% Daily Value),Carbohydrates,Carbohydrates (% Daily Value),Dietary Fiber,Dietary Fiber (% Daily Value),Sugars,Protein,Vitamin A (% Daily Value),Vitamin C (% Daily Value),Calcium (% Daily Value),Iron (% Daily Value),Serving Size (Numeric),Calorie Density,Fat to Carb Ratio,Category_Encoded,PCA1,PCA2,Cluster
Breakfast,Egg McMuffin,4.8 oz (136 g),300,120,13.0,20,5.0,25,0.0,260,87,750,31,31,10,4,17,3,17,10,0,25,15,4.8,62.5,0.40625,0,3.787908166894446,-2.3417375171800976,2
Breakfast,Egg White Delight,4.8 oz (135 g),250,70,8.0,12,3.0,15,0.0,25,8,770,32,30,10,4,17,3,18,6,0,25,8,4.8,52.083333333333336,0.25806451612903225,0,1.0209034814113267,-2.489302928065454,2
Breakfast,Sausage McMuffin,3.9 oz (111 g),370,200,23.0,35,8.0,42,0.0,45,15,780,33,29,10,4,17,2,14,8,0,25,10,3.9,94.87179487179488,0.7666666666666667,0,3.734957121884773,-2.3592579701882523,2
Breakfast,Sausage McMuffin with Egg,5.7 oz (161 g),450,250,28.0,43,10.0,52,0.0,285,95,860,36,30,10,4,17,2,21,15,0,30,15,5.7,78.94736842105263,0.9032258064516129,0,6.6220129714811184,-1.880127201130752,2
Breakfast,Sausage McMuffin with Egg Whites,5.7 oz (161 g),400,210,23.0,35,8.0,42,0.0,50,16,880,37,30,10,4,17,2,21,6,0,25,10,5.7,70.17543859649122,0.7419354838709677,0,3.881731217424722,-2.2019850549078397,2
Breakfast,Steak & Egg McMuffin,6.5 oz (185 g),430,210,23.0,36,9.0,46,1.0,300,100,960,40,31,10,4,18,3,26,15,2,30,20,6.5,66.15384615384616,0.71875,0,6.749422768124541,-1.1708203159803097,2
Breakfast,"Bacon, Egg & Cheese Biscuit (Regular Biscuit)",5.3 oz (150 g),460,230,26.0,40,13.0,65,0.0,250,83,1300,54,38,13,2,7,3,19,10,8,15,15,5.3,86.79245283018868,0.6666666666666666,0,6.074601095186924,-1.712463448320179,2
Breakfast,"Bacon, Egg & Cheese Biscuit (Large Biscuit)",5.8 oz (164 g),520,270,30.0,47,14.0,68,0.0,250,83,1410,59,43,14,3,12,4,19,15,8,20,20,5.8,89.65517241379311,0.6818181818181818,0,7.306750920708258,-1.5032243364135933,2
Breakfast,"Bacon, Egg & Cheese Biscuit with Egg Whites (Regular Biscuit)",5.4 oz (153 g),410,180,20.0,32,11.0,56,0.0,35,11,1300,54,36,12,2,7,3,20,2,8,15,10,5.4,75.92592592592592,0.5405405405405406,0,3.457775530300398,-1.9961921533407712,2
Breakfast,"Bacon, Egg & Cheese Biscuit with Egg Whites (Large Biscuit)",5.9 oz (167 g),470,220,25.0,38,12.0,59,0.0,35,11,1420,59,42,14,3,12,4,20,6,8,15,15,5.9,79.66101694915254,0.5813953488372093,0,4.728485133883759,-1.8519369754720572,2
Breakfast,Sausage Biscuit (Regular Biscuit),4.1 oz (117 g),430,240,27.0,42,12.0,62,0.0,30,10,1080,45,34,11,2,6,2,11,0,0,6,15,4.1,104.87804878048782,0.7714285714285715,0,4.066782412577692,-2.297804866111897,2
Breakfast,Sausage Biscuit (Large Biscuit),4.6 oz (131 g),480,280,31.0,48,13.0,65,0.0,30,10,1190,50,39,13,3,11,3,11,4,0,8,15,4.6,104.34782608695653,0.775,0,5.062887562929091,-2.030553756888633,2
Breakfast,Sausage Biscuit with Egg (Regular Biscuit),5.7 oz (163 g),510,290,33.0,50,14.0,71,0.0,250,83,1170,49,36,12,2,6,2,18,6,0,10,20,5.7,89.47368421052632,0.8918918918918919,0,6.841325209943883,-1.8034099693306818,2
Breakfast,Sausage Biscuit with Egg (Large Biscuit),6.2 oz (177 g),570,330,37.0,57,15.0,74,0.0,250,83,1280,53,42,14,3,11,3,18,10,0,10,20,6.2,91.93548387096774,0.8604651162790697,0,7.838856514238245,-1.530293008579175,2
Breakfast,Sausage Biscuit with Egg Whites (Regular Biscuit),5.9 oz (167 g),460,250,27.0,42,12.0,62,0.0,35,11,1180,49,34,11,2,6,3,18,0,0,8,15,5.9,77.96610169491525,0.7714285714285715,0,4.23478693168202,-2.079764510201766,2
Breakfast,Sausage Biscuit with Egg Whites (Large Biscuit),6.4 oz (181 g),520,280,32.0,49,13.0,65,0.0,35,11,1290,54,40,13,3,11,3,18,4,0,8,15,6.4,81.25,0.7804878048780488,0,5.287428367956531,-1.8564344885476918,2
Breakfast,Southern Style Chicken Biscuit (Regular Biscuit),5 oz (143 g),410,180,20.0,31,8.0,41,0.0,30,10,1180,49,41,14,2,6,3,17,0,2,6,15,5.0,82.0,0.47619047619047616,0,2.996662693179852,-2.194350470763737,2
Breakfast,Southern Style Chicken Biscuit (Large Biscuit),5.5 oz (157 g),470,220,24.0,37,9.0,45,0.0,30,10,1290,54,46,15,3,11,4,17,4,2,8,15,5.5,85.45454545454545,0.5106382978723404,0,4.057577897827351,-1.989925193636443,2
Breakfast,Steak & Egg Biscuit (Regular Biscuit),7.1 oz (201 g),540,290,32.0,49,16.0,78,1.0,280,93,1470,61,38,13,2,8,3,25,10,2,20,25,7.1,76.05633802816902,0.8205128205128205,0,8.1862474914045,-0.6349999019190553,2
Breakfast,"Bacon, Egg & Cheese McGriddles",6.1 oz (174 g),460,190,21.0,32,9.0,44,0.0,250,84,1250,52,48,16,2,9,15,19,10,10,20,15,6.1,75.40983606557377,0.42857142857142855,0,5.110089215988239,-1.2835750696363124,2
Breakfast,"Bacon, Egg & Cheese McGriddles with Egg Whites",6.3 oz (178 g),400,140,15.0,24,7.0,34,0.0,35,11,1250,52,47,16,2,9,16,20,2,10,15,10,6.3,63.492063492063494,0.3125,0,2.458774060123344,-1.6002023602153175,2
Breakfast,Sausage McGriddles,5 oz (141 g),420,200,22.0,34,8.0,40,0.0,35,11,1030,43,44,15,2,8,15,11,0,0,8,10,5.0,84.0,0.4888888888888889,0,2.80687227348847,-1.720549276519771,2
Breakfast,"Sausage, Egg & Cheese McGriddles",7.1 oz (201 g),550,280,31.0,48,12.0,61,0.0,265,89,1320,55,48,16,2,9,15,20,10,0,20,15,7.1,77.46478873239437,0.6326530612244898,0,6.631547995342129,-0.8801310867670603,2
Breakfast,"Sausage, Egg & Cheese McGriddles with Egg Whites",7.2 oz (205 g),500,230,26.0,40,10.0,52,0.0,50,17,1320,55,46,15,2,9,15,21,2,0,20,10,7.2,69.44444444444444,0.5531914893617021,0,4.1025703091970085,-1.1993399844230912,2
Breakfast,"Bacon, Egg & Cheese Bagel",6.9 oz (197 g),620,280,31.0,48,11.0,56,0.5,275,92,1480,62,57,19,3,11,7,30,20,15,20,20,6.9,89.85507246376811,0.5344827586206896,0,7.9479220359404,-0.5540267077598479,2
Breakfast,"Bacon, Egg & Cheese Bagel with Egg Whites",7.1 oz (201 g),570,230,25.0,39,9.0,45,0.5,60,20,1480,62,55,18,3,12,8,30,10,15,20,15,7.1,80.28169014084507,0.44642857142857145,0,5.336337429135698,-0.9048351965219629,2
Breakfast,Big Breakfast with Egg Whites (Regular Biscuit),9.6 oz (272 g),640,330,37.0,57,14.0,69,0.0,35,12,1590,66,50,17,3,12,3,26,0,2,10,15,9.6,66.66666666666667,0.7254901960784313,0,6.3695699165742825,-1.252587579060748,2
Breakfast,Big Breakfast with Egg Whites (Large Biscuit),10.1 oz (286 g),690,370,41.0,63,14.0,72,0.0,35,12,1700,71,55,18,4,17,4,26,4,2,10,15,10.1,68.31683168316832,0.7321428571428571,0,7.313706720817202,-1.1194674051182425,2
Breakfast,Big Breakfast with Hotcakes and Egg Whites (Regular Biscuit),14.9 oz (423 g),990,410,46.0,70,16.0,78,0.0,55,19,2170,91,110,37,6,23,17,35,0,2,25,30,14.9,66.44295302013423,0.4144144144144144,0,10.219208875346922,1.291052649802622,2
Breakfast,Hotcakes,5.3 oz (151 g),350,80,9.0,13,2.0,9,0.0,20,7,590,24,60,20,3,10,14,8,0,0,15,15,5.3,66.0377358490566,0.14754098360655737,0,0.5917354463045965,-1.4281720552533486,2
Breakfast,Hotcakes and Sausage,6.8 oz (192 g),520,210,24.0,37,7.0,36,0.0,50,17,930,39,61,20,3,10,14,15,0,0,15,15,6.8,76.47058823529412,0.3870967741935484,0,3.488767303616064,-0.9861203590367257,2
Breakfast,Sausage Burrito,3.9 oz (111 g),300,150,16.0,25,7.0,33,0.0,115,38,790,33,26,9,1,5,2,12,10,2,15,15,3.9,76.92307692307692,0.5925925925925926,0,2.380994827395395,-2.431309511196766,2
Breakfast,Hash Brown,2 oz (56 g),150,80,9.0,14,1.5,6,0.0,0,0,310,13,15,5,2,6,0,1,0,2,0,2,2.0,75.0,0.5625,0,-0.9477843214220795,-3.599489688611236,1
Breakfast,Cinnamon Melts,4 oz (114 g),460,170,19.0,30,9.0,43,0.0,15,5,370,15,66,22,3,11,32,6,4,0,6,15,4.0,115.0,0.2835820895522388,0,2.412068513627851,-0.5341809855177135,2
Beef & Pork,Big Mac,7.4 oz (211 g),530,240,27.0,42,10.0,48,1.0,85,28,960,40,47,16,3,13,9,24,6,2,25,25,7.4,71.62162162162161,0.5625,1,5.319206672138509,-0.3239901523140894,2
Beef & Pork,Hamburger,3.5 oz (98 g),240,70,8.0,12,3.0,15,0.0,30,10,480,20,32,11,1,6,6,12,2,2,10,15,3.5,68.57142857142857,0.24242424242424243,1,-0.07733908415601488,-2.3417608205012277,1
Beef & Pork,Cheeseburger,4 oz (113 g),290,100,11.0,18,5.0,27,0.5,45,15,680,28,33,11,2,7,7,15,6,2,20,15,4.0,72.5,0.3235294117647059,1,1.3627917226990358,-1.634346685356078,2
Beef & Pork,Double Cheeseburger,5.7 oz (161 g),430,190,21.0,32,10.0,52,1.0,90,30,1040,43,35,12,2,8,7,24,10,2,30,20,5.7,75.43859649122807,0.5833333333333334,1,4.379381493932936,-0.6509356621144059,2
Beef & Pork,McDouble,5.2 oz (147 g),380,150,17.0,26,8.0,40,1.0,75,25,840,35,34,11,2,7,7,22,6,2,20,20,5.2,73.07692307692308,0.4857142857142857,1,3.214259142330931,-1.0584315986887458,2
Beef & Pork,Bacon McDouble,5.7 oz (161 g),440,200,22.0,34,10.0,49,1.0,90,30,1110,46,35,12,2,7,7,27,6,10,20,20,5.7,77.19298245614034,0.6111111111111112,1,4.599529009752493,-1.0105925387258305,2
Beef & Pork,Daily Double,6.7 oz (190 g),430,200,22.0,35,9.0,44,1.0,80,27,760,32,34,11,2,8,7,22,8,8,20,20,6.7,64.17910447761194,0.6285714285714286,1,3.8913977070910266,-0.8773044622140456,2
Beef & Pork,Jalapeño Double,5.6 oz (159 g),430,210,23.0,36,9.0,44,1.0,80,27,1030,43,35,12,2,7,6,22,6,8,20,20,5.6,76.78571428571429,0.6388888888888888,1,4.3151463094325875,-1.0703824905464991,2
Beef & Pork,McRib,7.3 oz (208 g),500,240,26.0,40,10.0,48,0.0,70,23,980,41,44,15,3,10,11,22,2,2,15,20,7.3,68.4931506849315,0.5777777777777777,1,4.37566760428072,-1.3692975375190544,2
Chicken & Fish,Premium Crispy Chicken Classic Sandwich,7.5 oz (213 g),510,200,22.0,33,3.5,18,0.0,45,16,990,41,55,18,3,13,10,24,4,6,15,20,7.5,68.0,0.39285714285714285,2,3.3166920915389517,-1.3927297524101578,2
Chicken & Fish,Premium Grilled Chicken Classic Sandwich,7 oz (200 g),350,80,9.0,13,2.0,9,0.0,65,22,820,34,42,14,3,13,8,28,4,8,15,20,7.0,50.0,0.20930232558139536,2,1.639157811290324,-2.013640191561156,2
Chicken & Fish,Premium Crispy Chicken Club Sandwich,8.8 oz (249 g),670,300,33.0,51,9.0,44,0.0,85,29,1410,59,58,19,3,14,11,36,8,20,30,20,8.8,76.13636363636363,0.559322033898305,2,6.360880027240023,-0.6769533905804564,2
Chicken & Fish,Premium Grilled Chicken Club Sandwich,8.3 oz (235 g),510,180,20.0,31,7.0,36,0.0,105,35,1250,52,44,15,3,13,9,40,8,20,30,20,8.3,61.44578313253012,0.4444444444444444,2,4.701297434771786,-1.3499248835713793,2
Chicken & Fish,Premium Crispy Chicken Ranch BLT Sandwich,8.1 oz (230 g),610,250,28.0,43,6.0,31,0.0,70,24,1400,58,57,19,3,13,11,32,4,20,15,20,8.1,75.30864197530865,0.4827586206896552,2,5.198176534763482,-1.3234783703246453,2
Chicken & Fish,Premium Grilled Chicken Ranch BLT Sandwich,7.6 oz (217 g),450,130,15.0,23,4.5,22,0.0,90,30,1230,51,43,14,3,13,9,36,4,20,15,20,7.6,59.21052631578948,0.3409090909090909,2,3.539660814012703,-2.0219192564133857,2
Chicken & Fish,Bacon Clubhouse Crispy Chicken Sandwich,10 oz (284 g),750,340,38.0,59,10.0,51,0.5,90,31,1720,72,65,22,4,15,16,36,8,25,30,15,10.0,75.0,0.5757575757575758,2,7.585487960659789,0.10437668197792399,2
Chicken & Fish,Bacon Clubhouse Grilled Chicken Sandwich,9.5 oz (270 g),590,230,25.0,39,8.0,42,0.0,110,37,1560,65,51,17,4,15,14,40,8,30,30,15,9.5,62.10526315789474,0.4807692307692308,2,5.873118229950031,-1.0934775035175803,2
Chicken & Fish,Southern Style Crispy Chicken Sandwich,5.6 oz (160 g),430,170,19.0,29,3.0,15,0.0,45,14,910,38,43,14,2,7,7,21,4,2,15,15,5.6,76.78571428571429,0.4318181818181818,2,2.1950920825787823,-1.8159276199124448,2
Chicken & Fish,McChicken,5.1 oz (143 g),360,140,16.0,25,3.0,15,0.0,35,11,800,33,40,13,2,7,5,14,0,2,10,15,5.1,70.58823529411765,0.3902439024390244,2,1.3816973390503975,-2.1206031771956857,2
Chicken & Fish,Bacon Cheddar McChicken,6 oz (171 g),480,220,24.0,38,7.0,35,0.0,65,21,1260,53,43,14,2,8,6,22,4,10,20,15,6.0,80.0,0.5454545454545454,2,3.8436918957743167,-1.6637760247292002,2
Chicken & Fish,Bacon Buffalo Ranch McChicken,5.7 oz (161 g),430,190,21.0,32,5.0,25,0.0,50,17,1260,53,41,14,2,7,6,20,2,10,15,15,5.7,75.43859649122807,0.5,2,3.030613749650626,-2.0156242450360855,2
Chicken & Fish,Buffalo Ranch McChicken,5.2 oz (148 g),360,150,16.0,25,3.0,16,0.0,35,11,990,41,40,13,2,7,5,14,2,2,15,15,5.2,69.23076923076923,0.3902439024390244,2,1.6321902575974543,-2.0815213718746297,2
Chicken & Fish,Premium McWrap Chicken & Bacon (Crispy Chicken),11.1 oz (316 g),630,280,32.0,49,9.0,45,0.5,80,26,1540,64,56,19,3,13,7,32,60,20,20,20,11.1,56.75675675675676,0.5614035087719298,2,6.416638440348494,0.17538476564514377,2
Chicken & Fish,Premium McWrap Chicken & Bacon (Grilled Chicken),10.7 oz (302 g),480,170,19.0,28,7.0,36,0.0,95,32,1370,57,42,14,3,13,6,36,60,25,20,20,10.7,44.859813084112155,0.4418604651162791,2,4.657034264446253,-0.9812882741422853,2
Chicken & Fish,Premium McWrap Chicken & Ranch (Crispy Chicken),10.9 oz (310 g),610,280,31.0,47,8.0,40,0.5,65,21,1340,56,56,19,3,14,8,27,60,15,20,20,10.9,55.96330275229358,0.543859649122807,2,5.781402335707986,0.22018250320020713,2
Chicken & Fish,Premium McWrap Chicken & Ranch (Grilled Chicken),10.5 oz (297 g),450,160,18.0,27,6.0,31,0.5,80,27,1170,49,42,14,3,14,6,30,60,15,15,20,10.5,42.857142857142854,0.4186046511627907,2,4.071312690147964,-0.6130012707486987,2
Chicken & Fish,Premium McWrap Southwest Chicken (Crispy Chicken),11.1 oz (314 g),670,300,33.0,51,8.0,40,0.5,60,21,1480,62,68,23,5,19,12,27,60,15,20,20,11.1,60.36036036036036,0.4782608695652174,2,6.731400111550688,0.517079862466632,2
Chicken & Fish,Premium McWrap Southwest Chicken (Grilled Chicken),11.2 oz (318 g),520,180,20.0,31,6.0,32,0.0,80,27,1320,55,55,18,5,20,10,31,70,15,20,20,11.2,46.42857142857143,0.35714285714285715,2,5.036321924143432,-0.4435497553647008,2
Chicken & Fish,Premium McWrap Chicken Sweet Chili (Crispy Chicken),10.7 oz (304 g),540,200,23.0,35,4.5,23,0.0,50,16,1260,52,61,20,3,13,14,23,60,15,8,20,10.7,50.46728971962617,0.3709677419354839,2,4.005518649211036,-0.43128221456289606,2
Chicken & Fish,Premium McWrap Chicken Sweet Chili (Grilled Chicken),10.3 oz (291 g),380,90,10.0,15,3.0,14,0.0,65,22,1090,45,47,16,3,13,12,27,60,15,8,20,10.3,36.89320388349514,0.20833333333333334,2,2.3652314123245923,-1.0745043496875608,2
Chicken & Fish,Chicken McNuggets (4 piece),2.3 oz (65 g),190,110,12.0,18,2.0,10,0.0,25,9,360,15,12,4,1,2,0,9,0,2,0,2,2.3,82.60869565217392,0.9230769230769231,2,-0.2928309732246629,-3.47329823561388,1
Chicken & Fish,Chicken McNuggets (6 piece),3.4 oz (97 g),280,160,18.0,27,3.0,15,0.0,40,13,540,22,18,6,1,4,0,13,0,2,2,4,3.4,82.3529411764706,0.9473684210526315,2,0.945875695790101,-3.1286497249455643,2
Chicken & Fish,Chicken McNuggets (10 piece),5.7 oz (162 g),470,270,30.0,45,5.0,25,0.0,65,22,900,37,30,10,2,6,0,22,0,4,2,6,5.7,82.45614035087719,0.967741935483871,2,3.4845356351105488,-2.5131201650474253,2
Chicken & Fish,Filet-O-Fish,5 oz (142 g),390,170,19.0,29,4.0,19,0.0,40,14,590,24,39,13,2,7,5,15,2,0,15,10,5.0,78.0,0.475,2,1.5641888325206048,-1.755892756204383,2
Snacks & Sides,Chipotle BBQ Snack Wrap (Crispy Chicken),4.6 oz (130 g),340,130,15.0,23,4.5,22,0.0,30,11,780,33,37,12,1,6,8,14,4,0,10,10,4.6,73.91304347826087,0.39473684210526316,3,0.9430925020023377,-1.7862900848054244,2
Snacks & Sides,Chipotle BBQ Snack Wrap (Grilled Chicken),4.3 oz (123 g),260,70,8.0,13,3.5,18,0.0,40,14,700,29,30,10,1,6,7,16,4,2,10,10,4.3,60.46511627906977,0.25806451612903225,3,0.016033936477322843,-2.076209984485239,1
Snacks & Sides,Honey Mustard Snack Wrap (Crispy Chicken),4.3 oz (123 g),330,130,15.0,23,4.5,22,0.0,35,11,730,30,34,11,1,5,3,14,2,0,10,10,4.3,76.74418604651163,0.42857142857142855,3,0.8756743436312157,-1.9961977344110706,2
Snacks & Sides,Honey Mustard Snack Wrap (Grilled Chicken),4.1 oz (116 g),250,70,8.0,13,3.5,18,0.0,45,14,650,27,27,9,1,5,2,16,2,2,10,10,4.1,60.97560975609757,0.2857142857142857,3,-0.062018195493040135,-2.2763281444908503,1
Snacks & Sides,Ranch Snack Wrap (Crispy Chicken),4.5 oz (128 g),360,180,20.0,30,5.0,27,0.0,40,13,810,34,32,11,1,5,3,15,2,0,10,10,4.5,80.0,0.6060606060606061,3,1.70317414358066,-2.04230102959723,2
Snacks & Sides,Ranch Snack Wrap (Grilled Chicken),4.3 oz (121 g),280,120,13.0,20,4.5,22,0.0,45,16,720,30,25,8,1,5,2,16,2,2,10,10,4.3,65.11627906976744,0.5,3,0.7469976353039091,-2.376501706987187,2
Snacks & Sides,Small French Fries,2.6 oz (75 g),230,100,11.0,17,1.5,8,0.0,0,0,130,5,30,10,2,10,0,2,0,30,0,4,2.6,88.46153846153845,0.3548387096774194,3,-0.6367941535648949,-2.812857156033405,1
Snacks & Sides,Medium French Fries,3.9 oz (111 g),340,140,16.0,24,2.5,11,0.0,0,0,190,8,44,15,4,14,0,4,0,45,2,4,3.9,87.17948717948718,0.35555555555555557,3,0.7471004743423315,-2.380532955470157,2
Snacks & Sides,Large French Fries,5.9 oz (168 g),510,220,24.0,37,3.5,17,0.0,0,0,290,12,67,22,5,22,0,6,0,70,2,8,5.9,86.44067796610169,0.35294117647058826,3,2.8155025142109853,-1.7537092560498804,2
Snacks & Sides,Kids French Fries,1.3 oz (38 g),110,50,5.0,8,1.0,4,0.0,0,0,65,3,15,5,1,5,0,1,0,15,0,2,1.3,84.61538461538461,0.3125,3,-2.089533183351637,-3.2127094789623913,1
Snacks & Sides,Side Salad,3.1 oz (87 g),20,0,0.0,0,0.0,0,0.0,0,0,10,0,4,1,1,6,2,1,45,25,2,4,3.1,6.451612903225806,0.0,3,-3.2407441449935246,-2.6561438099202452,1
Snacks & Sides,Fruit 'n Yogurt Parfait,5.2 oz (149 g),150,20,2.0,3,1.0,5,0.0,5,2,70,3,30,10,1,3,23,4,2,15,10,4,5.2,28.846153846153847,0.06451612903225806,3,-2.7104985551696332,-1.6271444361906273,1
Desserts,Baked Apple Pie,2.7 oz (77 g),250,110,13.0,19,7.0,35,0.0,0,0,170,7,32,11,4,15,13,2,4,25,2,6,2.7,92.59259259259258,0.3939393939393939,4,0.6284859424735623,-2.1080786630558284,2
Desserts,Chocolate Chip Cookie,1 cookie (33 g),160,70,8.0,12,3.5,19,0.0,10,3,90,4,21,7,1,3,15,2,2,0,2,8,1.0,160.0,0.36363636363636365,4,-0.9281495968023982,-2.6020602904240584,1
Desserts,Oatmeal Raisin Cookie,1 cookie (33 g),150,50,6.0,9,2.5,13,0.0,10,3,135,6,22,7,1,3,13,2,2,0,2,6,1.0,150.0,0.2608695652173913,4,-1.3805880782050166,-2.627512249117738,1
Desserts,Kids Ice Cream Cone,1 oz (29 g),45,10,1.5,2,1.0,4,0.0,5,2,20,1,7,2,0,0,6,1,2,0,4,0,1.0,45.0,0.1875,4,-3.5345466840358846,-2.7389832909343097,1
Desserts,Hot Fudge Sundae,6.3 oz (179 g),330,80,9.0,14,7.0,34,0.0,25,8,170,7,53,18,1,3,48,8,8,0,25,8,6.3,52.38095238095238,0.16666666666666666,4,-0.6253671300024657,0.6348757372772859,3
Desserts,Hot Caramel Sundae,6.4 oz (182 g),340,70,8.0,12,5.0,24,0.0,30,10,150,6,60,20,0,0,43,7,10,0,25,0,6.4,53.125,0.13114754098360656,4,-1.404888841321433,0.890269595839031,3
Desserts,Strawberry Sundae,6.3 oz (178 g),280,60,6.0,10,4.0,20,0.0,25,8,85,4,49,16,0,0,45,6,8,4,20,0,6.3,44.44444444444444,0.12,4,-1.9744446766882784,0.3142057804037919,3
Beverages,Coca-Cola Classic (Small),16 fl oz cup,140,0,0.0,0,0.0,0,0.0,0,0,0,0,39,13,0,0,39,0,0,0,0,0,16.0,8.75,0.0,5,-4.299284502326163,-0.4131482830849129,1
Beverages,Coca-Cola Classic (Medium),21 fl oz cup,200,0,0.0,0,0.0,0,0.0,0,0,5,0,55,18,0,0,55,0,0,0,0,0,21.0,9.523809523809524,0.0,5,-4.214425637095068,0.5557201588949585,1
Beverages,Coca-Cola Classic (Large),30 fl oz cup,280,0,0.0,0,0.0,0,0.0,0,0,5,0,76,25,0,0,76,0,0,0,0,0,30.0,9.333333333333334,0.0,5,-4.156177838847071,1.9290033083600129,3
Beverages,Coca-Cola Classic (Child),12 fl oz cup,100,0,0.0,0,0.0,0,0.0,0,0,0,0,28,9,0,0,28,0,0,0,0,0,12.0,8.333333333333334,0.0,5,-4.349458647688821,-1.1227474250944711,1
Beverages,Diet Coke (Small),16 fl oz cup,0,0,0.0,0,0.0,0,0.0,0,0,10,0,0,0,0,0,0,0,0,0,0,0,16.0,0.0,0.0,5,-4.788442950007998,-2.4210791276510943,1
Beverages,Diet Coke (Medium),21 fl oz cup,0,0,0.0,0,0.0,0,0.0,0,0,20,1,0,0,0,0,0,0,0,0,0,0,21.0,0.0,0.0,5,-4.872417399483922,-2.2815321811920946,1
Beverages,Diet Coke (Large),30 fl oz cup,0,0,0.0,0,0.0,0,0.0,0,0,35,1,0,0,0,0,0,0,0,0,0,0,30.0,0.0,0.0,5,-5.047077214093183,-2.017962674629724,1
Beverages,Diet Coke (Child),12 fl oz cup,0,0,0.0,0,0.0,0,0.0,0,0,15,1,0,0,0,0,0,0,0,0,0,0,12.0,0.0,0.0,5,-4.692672914074269,-2.5478071845112193,1
Beverages,Dr Pepper (Small),16 fl oz cup,140,0,0.0,0,0.0,0,0.0,0,0,45,2,37,12,0,0,35,0,0,0,0,0,16.0,8.75,0.0,5,-4.264943690433984,-0.582960825526547,1
Beverages,Dr Pepper (Medium),21 fl oz cup,190,0,0.0,0,0.0,0,0.0,0,0,65,3,53,18,0,0,51,0,0,0,0,0,21.0,9.047619047619047,0.0,5,-4.163362341658652,0.41333071877716454,1
Beverages,Dr Pepper (Large),30 fl oz cup,270,0,0.0,0,0.0,0,0.0,0,0,90,4,72,24,0,0,70,0,0,0,0,0,30.0,9.0,0.0,5,-4.0966556043821605,1.6606773935154355,3
Beverages,Dr Pepper (Child),12 fl oz cup,100,0,0.0,0,0.0,0,0.0,0,0,30,1,27,9,0,0,26,0,0,0,0,0,12.0,8.333333333333334,0.0,5,-4.321932701537294,-1.1858275600670756,1
Beverages,Diet Dr Pepper (Small),16 fl oz cup,0,0,0.0,0,0.0,0,0.0,0,0,70,3,0,0,0,0,0,2,0,0,0,0,16.0,0.0,0.0,5,-4.670440453235328,-2.453461881876076,1
Beverages,Diet Dr Pepper (Medium),21 fl oz cup,0,0,0.0,0,0.0,0,0.0,0,0,100,4,0,0,0,0,0,3,0,0,0,0,21.0,0.0,0.0,5,-4.718815328719042,-2.317756354181861,1
Beverages,Diet Dr Pepper (Large),30 fl oz cup,0,0,0.0,0,0.0,0,0.0,0,0,140,6,0,0,0,0,0,4,0,0,0,0,30.0,0.0,0.0,5,-4.830910562477587,-2.0722402968839213,1
Beverages,Diet Dr Pepper (Child),12 fl oz cup,0,0,0.0,0,0.0,0,0.0,0,0,50,2,0,0,0,0,0,1,0,0,0,0,12.0,0.0,0.0,5,-4.637234998152312,-2.562136489471773,1
Beverages,Sprite (Small),16 fl oz cup,140,0,0.0,0,0.0,0,0.0,0,0,30,1,37,12,0,0,37,0,0,0,0,0,16.0,8.75,0.0,5,-4.289205705374023,-0.5398407340213484,1
Beverages,Sprite (Medium),21 fl oz cup,200,0,0.0,0,0.0,0,0.0,0,0,45,2,54,18,0,0,54,0,0,0,0,0,21.0,9.523809523809524,0.0,5,-4.171815520919139,0.499820988759677,1
Beverages,Sprite (Large),30 fl oz cup,280,0,0.0,0,0.0,0,0.0,0,0,60,3,74,25,0,0,74,0,0,0,0,0,30.0,9.333333333333334,0.0,5,-4.0958806192253565,1.8303983510419761,3
Beverages,Sprite (Child),12 fl oz cup,100,0,0.0,0,0.0,0,0.0,0,0,25,1,27,9,0,0,27,0,0,0,0,0,12.0,8.333333333333334,0.0,5,-4.326686873442639,-1.168158709033983,1
Beverages,1% Low Fat Milk Jug,1 carton (236 ml),100,20,2.5,4,1.5,8,0.0,10,3,125,5,12,4,0,0,12,8,10,4,30,0,1.0,100.0,0.19230769230769232,5,-2.52718207666661,-1.9391498664844637,1
Beverages,Fat Free Chocolate Milk Jug,1 carton (236 ml),130,0,0.0,0,0.0,0,0.0,5,2,135,6,23,8,1,2,22,9,10,0,30,8,1.0,130.0,0.0,5,-2.242929542783804,-1.709151933571988,1
Beverages,Dasani Water Bottle,16.9 fl oz,0,0,0.0,0,0.0,0,0.0,0,0,0,0,0,0,0,0,0,0,0,0,0,0,16.9,0.0,0.0,5,-4.8117563028893775,-2.3916108557245863,1
Coffee & Tea,Iced Tea (Small),16 fl oz cup,0,0,0.0,0,0.0,0,0.0,0,0,10,0,0,0,0,0,0,0,0,0,0,0,16.0,0.0,0.0,6,-4.87297846225596,-2.3105129715846258,1
Coffee & Tea,Iced Tea (Medium),21 fl oz cup,0,0,0.0,0,0.0,0,0.0,0,0,10,0,0,0,0,0,0,0,0,0,0,0,21.0,0.0,0.0,6,-4.9742489182614325,-2.161830887308234,1
Coffee & Tea,Iced Tea (Large),30 fl oz cup,0,0,0.0,0,0.0,0,0.0,0,0,15,1,0,0,0,0,0,0,0,0,0,0,30.0,0.0,0.0,6,-5.141782067941933,-1.901985525049742,1
Coffee & Tea,Iced Tea (Child),12 fl oz cup,0,0,0.0,0,0.0,0,0.0,0,0,5,0,0,0,0,0,0,0,0,0,0,0,12.0,0.0,0.0,6,-4.794504432851777,-2.42810589062736,1
Coffee & Tea,Sweet Tea (Small),16 fl oz cup,150,0,0.0,0,0.0,0,0.0,0,0,10,0,36,12,0,0,36,1,0,0,0,0,16.0,9.375,0.0,6,-4.35568205441059,-0.4389043781827926,1
Coffee & Tea,Sweet Tea (Medium),21 fl oz cup,180,0,0.0,0,0.0,0,0.0,0,0,10,0,45,15,0,0,45,1,0,0,0,0,21.0,8.571428571428571,0.0,6,-4.364153054213415,0.18159352034334506,1
Coffee & Tea,Sweet Tea (Large),30 fl oz cup,220,0,0.0,0,0.0,0,0.0,0,0,10,1,54,18,0,0,54,1,0,0,0,0,30.0,7.333333333333333,0.0,6,-4.431109944408723,0.9282113969175413,3
Coffee & Tea,Sweet Tea (Child),12 fl oz cup,110,0,0.0,0,0.0,0,0.0,0,0,5,0,27,9,0,0,27,0,0,0,0,0,12.0,9.166666666666666,0.0,6,-4.415096936733359,-1.0374443197032308,1
Coffee & Tea,Coffee (Small),12 fl oz cup,0,0,0.0,0,0.0,0,0.0,0,0,0,0,0,0,0,0,0,0,0,0,0,0,12.0,0.0,0.0,6,-4.797046768251977,-2.4267531422489808,1
Coffee & Tea,Coffee (Medium),16 fl oz cup,0,0,0.0,0,0.0,0,0.0,0,0,0,0,0,0,0,0,0,0,0,0,0,0,16.0,0.0,0.0,6,-4.878063133056354,-2.307807474827867,1
Coffee & Tea,Coffee (Large),16 fl oz cup,0,0,0.0,0,0.0,0,0.0,0,0,0,0,0,0,0,0,0,0,0,0,0,0,16.0,0.0,0.0,6,-4.878063133056354,-2.307807474827867,1
Coffee & Tea,Latte (Small),12 fl oz cup,170,80,9.0,13,5.0,24,0.0,25,9,115,5,15,5,1,3,12,9,8,0,30,0,12.0,14.166666666666666,0.5625,6,-1.735974224585768,-0.9517580768838837,1
Coffee & Tea,Latte (Medium),16 fl oz cup,210,90,10.0,16,6.0,30,0.0,30,11,140,6,18,6,1,4,15,11,10,0,35,0,16.0,13.125,0.5263157894736842,6,-1.391113243278331,-0.4206979532108531,3
Coffee & Tea,Latte (Large),20 fl oz cup,280,120,14.0,21,8.0,39,0.0,40,14,180,8,24,8,1,6,20,15,15,0,50,2,20.0,14.0,0.56,6,-0.4039822044624921,0.48800263866115584,3
Coffee & Tea,Caramel Latte (Small),12 fl oz cup,270,80,9.0,13,5.0,24,0.0,25,9,115,5,40,13,1,3,38,9,8,0,30,0,12.0,22.5,0.21951219512195122,6,-1.718241408950752,0.5317023763481099,3
Coffee & Tea,Caramel Latte (Medium),16 fl oz cup,340,90,10.0,16,6.0,30,0.0,30,11,140,6,50,17,1,4,48,11,10,0,35,0,16.0,21.25,0.19607843137254902,6,-1.2690111891163174,1.4603349115451572,3
Coffee & Tea,Caramel Latte (Large),20 fl oz cup,430,120,14.0,21,8.0,39,0.0,40,14,180,8,62,21,1,6,59,15,15,0,50,2,20.0,21.5,0.2222222222222222,6,-0.22770392695190947,2.688281919482835,3
Coffee & Tea,Hazelnut Latte (Small),12 fl oz cup,270,80,9.0,13,5.0,24,0.0,25,9,115,5,40,13,1,3,38,9,8,0,30,0,12.0,22.5,0.21951219512195122,6,-1.718241408950752,0.5317023763481099,3
Coffee & Tea,Hazelnut Latte (Medium),16 fl oz cup,330,90,10.0,16,6.0,30,0.0,30,11,140,6,50,17,1,4,47,11,10,0,35,0,16.0,20.625,0.19607843137254902,6,-1.2839601992450427,1.434840917454248,3
Coffee & Tea,Hazelnut Latte (Large),20 fl oz cup,430,120,14.0,21,8.0,39,0.0,40,14,180,8,62,21,1,6,58,15,15,0,50,2,20.0,21.5,0.2222222222222222,6,-0.2254920904467621,2.6719658168281217,3
Coffee & Tea,French Vanilla Latte (Small),12 fl oz cup,260,80,9.0,13,5.0,24,0.0,25,9,115,5,38,13,1,3,36,9,8,0,30,0,12.0,21.666666666666668,0.23076923076923078,6,-1.730430273407481,0.4524954122641456,3
Coffee & Tea,French Vanilla Latte (Medium),16 fl oz cup,330,90,10.0,16,6.0,30,0.0,30,11,140,6,48,16,1,4,45,11,10,0,35,2,16.0,20.625,0.20408163265306123,6,-1.22557347190834,1.2885014922507598,3
Coffee & Tea,French Vanilla Latte (Large),20 fl oz cup,420,120,14.0,21,8.0,39,0.0,40,14,190,8,60,20,1,6,56,15,15,0,50,2,20.0,21.0,0.22950819672131148,6,-0.24727415752372747,2.5432304733907665,3
Coffee & Tea,Latte with Sugar Free French Vanilla Syrup (Small),12 fl oz cup,210,80,9.0,13,5.0,24,0.0,25,9,150,6,24,8,1,4,12,9,8,0,30,0,12.0,17.5,0.36,6,-1.7053700857699747,-0.5450570681373911,3
Coffee & Tea,Latte with Sugar Free French Vanilla Syrup (Medium),16 fl oz cup,260,90,10.0,16,6.0,30,0.0,30,11,190,8,29,10,1,5,15,12,10,0,35,0,16.0,16.25,0.3333333333333333,6,-1.272671852719107,0.0637931385777617,3
Coffee & Tea,Latte with Sugar Free French Vanilla Syrup (Large),20 fl oz cup,330,120,14.0,21,8.0,39,0.0,40,14,240,10,37,12,2,7,20,15,15,0,50,2,20.0,16.5,0.3684210526315789,6,-0.1412304340796745,0.9391400974152979,3
Coffee & Tea,Nonfat Latte (Small),12 fl oz cup,100,0,0.0,0,0.0,0,0.0,5,2,110,5,15,5,1,3,13,10,10,0,30,0,12.0,8.333333333333334,0.0,6,-3.6628262506084317,-1.0957868001581386,1
Coffee & Tea,Nonfat Latte (Medium),16 fl oz cup,130,0,0.0,0,0.0,0,0.0,5,2,135,6,19,6,1,4,16,12,15,0,40,0,16.0,8.125,0.0,6,-3.5033683498755956,-0.5453866699998291,1
Coffee & Tea,Nonfat Latte (Large),20 fl oz cup,170,0,0.5,1,0.0,0,0.0,10,3,180,7,25,8,1,6,21,16,15,0,50,2,20.0,8.5,0.019230769230769232,6,-3.095700719412902,0.006500596249325718,3
Coffee & Tea,Nonfat Caramel Latte (Small),12 fl oz cup,200,0,0.0,0,0.0,0,0.0,5,2,110,5,41,14,1,3,39,10,10,0,30,0,12.0,16.666666666666668,0.0,6,-3.304076119261154,0.254349271088869,3
Coffee & Tea,Nonfat Caramel Latte (Medium),16 fl oz cup,250,0,0.0,0,0.0,0,0.0,5,2,135,6,51,17,1,4,48,12,15,0,40,0,16.0,15.625,0.0,6,-3.084673742469379,1.1205365527651896,3
Coffee & Tea,Nonfat Caramel Latte (Large),20 fl oz cup,310,0,0.5,1,0.0,0,0.0,10,3,180,7,63,21,1,6,59,16,15,0,50,2,20.0,15.5,0.0078125,6,-2.6256810329346516,1.993374642638751,3
Coffee & Tea,Nonfat Hazelnut Latte (Small),12 fl oz cup,200,0,0.0,0,0.0,0,0.0,5,2,110,5,40,13,1,3,38,10,10,0,30,0,12.0,16.666666666666668,0.0,6,-3.3193114319553936,0.17442085247032352,3
Coffee & Tea,Nonfat Hazelnut Latte (Medium),16 fl oz cup,250,0,0.0,0,0.0,0,0.0,5,2,135,6,51,17,1,4,48,12,15,0,40,0,16.0,15.625,0.0,6,-3.084673742469379,1.1205365527651896,3
Coffee & Tea,Nonfat Hazelnut Latte (Large),20 fl oz cup,310,0,0.5,1,0.0,0,0.0,10,3,180,7,63,21,1,6,59,16,15,0,50,2,20.0,15.5,0.0078125,6,-2.6256810329346516,1.993374642638751,3
Coffee & Tea,Nonfat French Vanilla Latte (Small),12 fl oz cup,190,0,0.0,0,0.0,0,0.0,5,2,115,5,39,13,1,3,37,10,10,0,30,0,12.0,15.833333333333334,0.0,6,-3.337426461326338,0.13254260441482504,3
Coffee & Tea,Nonfat French Vanilla Latte (Medium),16 fl oz cup,240,0,0.0,0,0.0,0,0.0,5,2,140,6,49,16,1,4,46,12,15,0,40,2,16.0,15.0,0.0,6,-3.0484556407848267,0.9682617649283816,3
Coffee & Tea,Nonfat French Vanilla Latte (Large),20 fl oz cup,300,0,0.5,1,0.0,0,0.0,10,3,180,8,60,20,1,6,56,16,15,0,50,2,20.0,15.0,0.00819672131147541,6,-2.6489986963973253,1.832660101753796,3
Coffee & Tea,Nonfat Latte with Sugar Free French Vanilla Syrup (Small),12 fl oz cup,140,0,0.0,0,0.0,0,0.0,5,2,150,6,24,8,1,4,13,10,10,0,30,0,12.0,11.666666666666666,0.0,6,-3.4386439500832395,-0.806709966259006,1
Coffee & Tea,Nonfat Latte with Sugar Free French Vanilla Syrup (Medium),16 fl oz cup,170,0,0.0,0,0.0,0,0.0,5,2,180,8,30,10,1,5,16,12,15,0,40,0,16.0,10.625,0.0,6,-3.2480032726458066,-0.18109694025937093,3
Coffee & Tea,Nonfat Latte with Sugar Free French Vanilla Syrup (Large),20 fl oz cup,220,0,0.5,1,0.0,0,0.0,10,3,240,10,38,13,2,7,21,16,15,0,50,2,20.0,11.0,0.01282051282051282,6,-2.632967840899117,0.3925987941171109,3
Coffee & Tea,Mocha (Small),12 fl oz cup,340,100,11.0,18,7.0,34,0.0,35,12,150,6,49,16,2,6,42,10,10,0,30,6,12.0,28.333333333333332,0.22,6,-0.5154204438503235,0.9387124795952063,3
Coffee & Tea,Mocha (Medium),16 fl oz cup,410,120,14.0,21,8.0,40,0.0,40,14,190,8,60,20,2,8,53,13,10,0,40,6,16.0,25.625,0.22950819672131148,6,0.12575854350648455,1.9422206764113845,3
Coffee & Tea,Mocha (Large),20 fl oz cup,500,150,17.0,26,10.0,49,0.5,50,17,240,10,72,24,2,10,63,16,15,0,50,8,20.0,25.0,0.2328767123287671,6,1.2450319317847696,3.4644556149413734,0
Coffee & Tea,Mocha with Nonfat Milk (Small),12 fl oz cup,270,30,3.5,5,2.0,11,0.0,15,5,150,6,49,16,2,6,43,11,10,0,35,6,12.0,22.5,0.07,6,-1.9696155203181542,0.6398989643452224,3
Coffee & Tea,Mocha with Nonfat Milk (Medium),16 fl oz cup,330,30,3.5,6,2.0,11,0.0,15,5,190,8,60,20,2,8,53,13,15,0,40,6,16.0,20.625,0.05737704918032787,6,-1.680402050471428,1.4920975076789715,3
Coffee & Tea,Mocha with Nonfat Milk (Large),20 fl oz cup,390,35,4.0,6,2.5,12,0.0,20,6,240,10,73,24,2,10,64,17,20,0,50,8,20.0,19.5,0.05405405405405406,6,-1.156923343511184,2.477887796384184,3
Coffee & Tea,Caramel Mocha (Small),12 fl oz cup,320,100,11.0,17,7.0,33,0.0,35,12,170,7,45,15,1,3,40,10,10,0,30,2,12.0,26.666666666666668,0.2391304347826087,6,-0.9769121580102222,0.9070700461572205,3
Coffee & Tea,Caramel Mocha (Medium),16 fl oz cup,390,120,14.0,21,8.0,40,0.5,40,14,220,9,55,18,1,4,50,12,15,0,40,2,16.0,24.375,0.25,6,-0.18434874503735196,2.311181123388791,3
Coffee & Tea,Caramel Mocha (Large),20 fl oz cup,480,150,17.0,26,10.0,49,0.5,50,17,270,11,66,22,1,5,60,16,15,0,50,4,20.0,24.0,0.2537313432835821,6,0.7232255153725686,3.3663860866994924,0
Coffee & Tea,Nonfat Caramel Mocha (Small),12 fl oz cup,250,30,3.5,5,2.0,10,0.0,15,5,170,7,45,15,1,3,41,10,10,0,35,2,12.0,20.833333333333332,0.07608695652173914,6,-2.452308945564517,0.6162899613451478,3
Coffee & Tea,Nonfat Caramel Mocha (Medium),16 fl oz cup,310,30,3.5,5,2.0,11,0.0,15,5,210,9,56,19,1,4,51,13,15,0,40,2,16.0,19.375,0.06140350877192982,6,-2.182630247824361,1.4880070689044251,3
Coffee & Tea,Nonfat Caramel Mocha (Large),20 fl oz cup,370,35,3.5,6,2.5,11,0.0,20,6,270,11,67,22,1,5,61,17,20,0,50,4,20.0,18.5,0.051470588235294115,6,-1.723473867579554,2.3842037841892245,3
Coffee & Tea,Hot Chocolate (Small),12 fl oz cup,360,120,13.0,21,8.0,39,0.0,40,14,180,8,50,17,1,3,45,11,10,0,40,6,12.0,30.0,0.2549019607843137,6,-0.31721361104833296,1.4161241129856448,3
Coffee & Tea,Hot Chocolate (Medium),16 fl oz cup,440,140,16.0,25,9.0,47,0.5,50,16,220,9,61,20,1,4,56,14,15,0,45,6,16.0,27.5,0.25806451612903225,6,0.5011169427587603,2.7932212898266133,0
Coffee & Tea,Hot Chocolate (Large),20 fl oz cup,540,180,20.0,31,12.0,58,0.5,60,20,280,12,73,24,1,5,68,17,20,0,60,8,20.0,27.0,0.2702702702702703,6,1.617648106347275,4.118594357387764,0
Coffee & Tea,Hot Chocolate with Nonfat Milk (Small),12 fl oz cup,280,30,3.5,5,2.0,11,0.0,15,5,180,7,50,17,1,3,46,12,15,0,40,6,12.0,23.333333333333332,0.06862745098039216,6,-2.117649503730546,1.0139595609252046,3
Coffee & Tea,Hot Chocolate with Nonfat Milk (Medium),16 fl oz cup,340,30,3.5,5,2.0,11,0.0,15,6,220,9,61,20,1,4,57,14,20,0,50,6,16.0,21.25,0.056451612903225805,6,-1.8729148939400597,1.9415728666331928,3
Coffee & Tea,Hot Chocolate with Nonfat Milk (Large),20 fl oz cup,400,35,3.5,6,2.5,12,0.0,20,7,280,12,74,25,1,5,69,19,25,0,60,8,20.0,20.0,0.04666666666666667,6,-1.3380184993767623,3.001718426696307,3
Coffee & Tea,Regular Iced Coffee (Small),16 fl oz cup,140,40,4.5,7,3.0,15,0.0,15,6,35,1,23,8,0,0,22,1,4,0,4,0,16.0,8.75,0.1875,6,-3.4548757103893526,-0.7933189816651707,1
Coffee & Tea,Regular Iced Coffee (Medium),22 fl oz cup,190,60,7.0,11,4.5,22,0.0,25,9,50,2,31,10,0,0,30,1,4,0,4,0,22.0,8.636363636363637,0.21875,6,-3.021903251373318,-0.09691109290056132,1
Coffee & Tea,Regular Iced Coffee (Large),32 fl oz cup,270,80,9.0,14,6.0,29,0.0,35,12,75,3,47,16,0,0,45,2,6,0,8,0,32.0,8.4375,0.1875,6,-2.5915990416728207,1.3207312369057027,3
Coffee & Tea,Caramel Iced Coffee (Small),16 fl oz cup,130,40,4.5,7,3.0,15,0.0,15,6,35,2,22,7,0,0,21,1,4,0,4,0,16.0,8.125,0.1956521739130435,6,-3.4673698807552524,-0.8935357470506324,1
Coffee & Tea,Caramel Iced Coffee (Medium),22 fl oz cup,180,60,7.0,11,4.5,22,0.0,25,9,50,2,29,10,0,0,28,1,4,0,4,0,22.0,8.181818181818182,0.23333333333333334,6,-3.0285081675054792,-0.17961030065075947,1
Coffee & Tea,Caramel Iced Coffee (Large),32 fl oz cup,260,80,9.0,14,6.0,29,0.0,35,12,65,3,43,14,0,0,42,2,6,0,6,0,32.0,8.125,0.20454545454545456,6,-2.6394189500819256,1.0572252744188804,3
Coffee & Tea,Hazelnut Iced Coffee (Small),16 fl oz cup,130,40,4.5,7,3.0,15,0.0,15,6,35,1,21,7,0,0,20,1,4,0,4,0,16.0,8.125,0.20454545454545456,6,-3.473342651441388,-0.9244303498170795,1
Coffee & Tea,Hazelnut Iced Coffee (Medium),22 fl oz cup,180,60,7.0,11,4.5,22,0.0,25,9,50,2,29,10,0,0,28,1,4,0,4,0,22.0,8.181818181818182,0.23333333333333334,6,-3.0285081675054792,-0.17961030065075947,1
Coffee & Tea,Hazelnut Iced Coffee (Large),32 fl oz cup,250,80,9.0,14,6.0,29,0.0,35,12,75,3,43,14,0,0,41,2,6,0,8,0,32.0,7.8125,0.20454545454545456,6,-2.6405775415769916,1.0656847794738926,3
Coffee & Tea,French Vanilla Iced Coffee (Small),16 fl oz cup,120,40,4.5,7,3.0,15,0.0,15,6,40,2,20,7,0,0,19,1,4,0,4,0,16.0,7.5,0.21428571428571427,6,-3.4687122329955637,-0.9792011928850899,1
Coffee & Tea,French Vanilla Iced Coffee (Medium),22 fl oz cup,170,60,7.0,11,4.5,22,0.0,25,9,55,2,27,9,0,0,26,1,4,0,4,0,22.0,7.7272727272727275,0.25,6,-3.043689433288164,-0.3125689825021407,1
Coffee & Tea,French Vanilla Iced Coffee (Large),32 fl oz cup,240,80,9.0,14,6.0,29,0.0,35,12,80,3,41,14,0,0,39,2,6,0,8,0,32.0,7.5,0.21428571428571427,6,-2.64829177786431,0.9838202373604414,3
Coffee & Tea,Iced Coffee with Sugar Free French Vanilla Syrup (Small),16 fl oz cup,80,40,4.5,7,3.0,15,0.0,15,6,65,3,9,3,0,0,1,1,4,0,4,0,16.0,5.0,0.45,6,-3.3505799265193628,-1.823900242729299,1
Coffee & Tea,Iced Coffee with Sugar Free French Vanilla Syrup (Medium),22 fl oz cup,120,60,7.0,11,4.5,22,0.0,25,9,90,4,12,4,0,0,2,1,4,0,4,0,22.0,5.454545454545454,0.5384615384615384,6,-2.887422843490478,-1.4186420884485216,1
Coffee & Tea,Iced Coffee with Sugar Free French Vanilla Syrup (Large),32 fl oz cup,160,80,9.0,14,6.0,29,0.0,35,12,135,6,18,6,0,0,2,2,6,0,8,0,32.0,5.0,0.47368421052631576,6,-2.583307749838806,-0.6342782617736906,1
Coffee & Tea,Iced Mocha (Small),12 fl oz cup,290,100,11.0,17,7.0,33,0.0,35,12,125,5,41,14,1,4,34,8,10,0,25,4,12.0,24.166666666666668,0.2619047619047619,6,-1.035783575216175,0.544092644096555,3
Coffee & Tea,Iced Mocha (Medium),16 fl oz cup,350,110,13.0,19,8.0,38,0.0,40,13,150,6,50,17,1,5,43,9,10,0,30,6,16.0,21.875,0.2549019607843137,6,-0.5870789721899241,1.310794843629943,3
Coffee & Tea,Iced Mocha (Large),22 fl oz cup,480,150,16.0,25,10.0,49,0.5,50,17,220,9,70,23,2,8,62,14,15,0,40,8,22.0,21.818181818181817,0.22535211267605634,6,0.9041946620791355,3.2619945450790215,0
Coffee & Tea,Iced Mocha with Nonfat Milk (Small),12 fl oz cup,240,45,5.0,8,3.0,16,0.0,20,7,125,5,41,14,1,4,35,8,10,0,25,4,12.0,20.0,0.11904761904761904,6,-2.1939725509582666,0.26323658281995227,3
Coffee & Tea,Iced Mocha with Nonfat Milk (Medium),16 fl oz cup,290,45,5.0,8,3.5,17,0.0,20,7,150,6,50,17,1,5,43,10,15,0,30,6,16.0,18.125,0.09803921568627451,6,-1.9159168874822083,1.0145005508978289,3
Coffee & Tea,Iced Mocha with Nonfat Milk (Large),22 fl oz cup,390,50,6.0,9,3.5,18,0.0,25,8,220,9,71,24,2,8,62,14,20,0,45,8,22.0,17.727272727272727,0.08333333333333333,6,-1.0885313302090485,2.503450977415866,3
Coffee & Tea,Iced Caramel Mocha (Small),12 fl oz cup,280,100,11.0,17,7.0,33,0.0,35,12,140,6,38,13,0,0,33,8,10,0,25,2,12.0,23.333333333333332,0.28205128205128205,6,-1.4226231196427905,0.5468810983111906,3
Coffee & Tea,Iced Caramel Mocha (Medium),16 fl oz cup,340,110,13.0,19,7.0,37,0.0,40,13,170,7,46,15,1,2,41,9,10,0,30,2,16.0,21.25,0.2765957446808511,6,-0.9133927271452907,1.1392554694384882,3
Coffee & Tea,Iced Caramel Mocha (Large),22 fl oz cup,460,150,16.0,25,10.0,48,0.5,50,17,250,10,65,22,1,3,59,13,15,0,40,4,22.0,20.90909090909091,0.24242424242424243,6,0.36151410471545786,3.2202893192715116,0
Coffee & Tea,Iced Nonfat Caramel Mocha (Small),12 fl oz cup,230,45,5.0,8,3.0,16,0.0,20,7,140,6,38,13,0,0,33,8,10,0,25,2,12.0,19.166666666666668,0.1282051282051282,6,-2.5889671467543365,0.25601860343259214,3
Coffee & Tea,Iced Nonfat Caramel Mocha (Medium),16 fl oz cup,270,45,5.0,8,3.0,16,0.0,20,7,170,7,47,16,1,2,41,10,15,0,30,2,16.0,16.875,0.10416666666666667,6,-2.232038039084119,0.9251226954569509,3
Coffee & Tea,Iced Nonfat Caramel Mocha (Large),22 fl oz cup,370,50,6.0,8,3.5,17,0.0,25,8,250,10,65,22,1,3,59,14,20,0,45,4,22.0,16.818181818181817,0.09090909090909091,6,-1.6487211229815057,2.403041933909216,3
Coffee & Tea,Frappé Mocha (Small),12 fl oz cup,450,160,18.0,28,12.0,59,1.0,65,21,125,5,65,22,1,3,57,7,15,0,20,4,12.0,37.5,0.2727272727272727,6,0.9444464462026043,3.0408619490832005,0
Coffee & Tea,Frappé Mocha (Medium),16 fl oz cup,550,200,22.0,34,14.0,71,1.0,75,25,160,7,80,27,1,4,71,9,15,0,25,4,16.0,34.375,0.2716049382716049,6,1.8316814389308873,4.265859506788305,0
Coffee & Tea,Frappé Mocha (Large),22 fl oz cup,670,240,26.0,41,17.0,85,1.0,90,30,190,8,98,33,1,4,88,11,20,0,35,4,22.0,30.454545454545453,0.26262626262626265,6,2.8187197999677887,5.965583770029785,0
Coffee & Tea,Frappé Caramel (Small),12 fl oz cup,450,170,19.0,29,12.0,60,1.0,65,22,125,5,64,21,0,0,57,7,15,0,25,2,12.0,37.5,0.2923076923076923,6,0.708856432613352,3.209252144674795,0
Coffee & Tea,Frappé Caramel (Medium),16 fl oz cup,550,200,23.0,35,15.0,73,1.0,80,27,160,7,79,26,0,0,71,9,20,0,30,2,16.0,34.375,0.2875,6,1.6430153926392577,4.560002275489846,0
Coffee & Tea,Frappé Chocolate Chip (Small),12 fl oz cup,530,200,23.0,35,14.0,72,1.0,65,22,135,6,76,25,1,5,67,8,15,0,25,4,12.0,44.166666666666664,0.2987012987012987,6,1.9135973040022811,3.852258144625083,0
Coffee & Tea,Frappé Chocolate Chip (Medium),16 fl oz cup,630,240,26.0,41,17.0,85,1.0,80,26,160,7,91,30,1,5,81,9,15,0,30,4,16.0,39.375,0.2826086956521739,6,2.745561767231782,5.155794330544097,0
Smoothies & Shakes,Blueberry Pomegranate Smoothie (Small),12 fl oz cup,220,5,0.5,1,0.0,0,0.0,5,1,40,2,50,17,3,12,44,2,0,2,6,2,12.0,18.333333333333332,0.00980392156862745,7,-2.9060764053075054,-0.10888343426027047,3
Smoothies & Shakes,Blueberry Pomegranate Smoothie (Medium),16 fl oz cup,260,5,1.0,1,0.0,0,0.0,5,1,50,2,62,21,4,15,54,3,0,4,8,2,16.0,16.25,0.015873015873015872,7,-2.51875443723865,0.5255810048328919,3
Smoothies & Shakes,Blueberry Pomegranate Smoothie (Large),22 fl oz cup,340,10,1.0,2,0.5,3,0.0,5,2,65,3,79,26,5,19,70,4,0,4,10,2,22.0,15.454545454545455,0.0125,7,-1.9768172398632702,1.5326154050164569,3
Smoothies & Shakes,Strawberry Banana Smoothie (Small),12 fl oz cup,210,5,0.5,1,0.0,0,0.0,5,1,50,2,47,16,3,10,44,3,0,30,8,2,12.0,17.5,0.010416666666666666,7,-2.7789160214100486,-0.40145498427830734,3
Smoothies & Shakes,Strawberry Banana Smoothie (Medium),16 fl oz cup,250,5,1.0,1,0.0,0,0.0,5,1,60,2,58,19,3,13,54,4,0,35,8,4,16.0,15.625,0.01694915254237288,7,-2.481625567690995,0.13642596099871562,3
Smoothies & Shakes,Strawberry Banana Smoothie (Large),22 fl oz cup,330,10,1.0,2,0.5,3,0.0,5,2,80,3,74,25,4,16,70,5,0,45,10,4,22.0,15.0,0.013333333333333334,7,-1.8908431529987562,1.0966276195942084,3
Smoothies & Shakes,Mango Pineapple Smoothie (Small),12 fl oz cup,210,5,0.5,1,0.0,0,0.0,5,1,40,2,50,17,1,4,46,2,30,20,8,2,12.0,17.5,0.00980392156862745,7,-3.234468964818106,0.43222040993393246,3
Smoothies & Shakes,Mango Pineapple Smoothie (Medium),16 fl oz cup,260,10,1.0,1,0.0,0,0.0,5,1,45,2,61,20,1,5,56,3,40,25,8,2,16.0,16.25,0.016129032258064516,7,-2.9945572591956733,1.175097386508186,3
Smoothies & Shakes,Mango Pineapple Smoothie (Large),22 fl oz cup,340,10,1.0,2,0.5,3,0.0,5,2,60,3,78,26,2,6,72,4,50,30,10,2,22.0,15.454545454545455,0.012658227848101266,7,-2.4726574692093326,2.359299728487247,3
Smoothies & Shakes,Vanilla Shake (Small),12 fl oz cup,530,140,15.0,24,10.0,49,1.0,60,20,160,7,86,29,0,0,63,11,20,0,40,0,12.0,44.166666666666664,0.1724137931034483,7,0.4870824820496747,4.458831306740023,0
Smoothies & Shakes,Vanilla Shake (Medium),16 fl oz cup,660,170,19.0,29,12.0,61,1.0,75,24,200,9,109,36,0,0,81,14,25,0,50,0,16.0,41.25,0.17272727272727273,7,1.4774420860324606,6.176753523376571,0
Smoothies & Shakes,Strawberry Shake (Small),12 fl oz cup,550,150,16.0,25,10.0,52,1.0,60,21,160,7,90,30,0,0,79,12,20,0,40,0,12.0,45.833333333333336,0.17582417582417584,7,0.6585027565090894,4.878974377423081,0
Smoothies & Shakes,Strawberry Shake (Medium),16 fl oz cup,690,180,20.0,30,13.0,63,1.0,75,25,210,9,114,38,0,0,100,15,25,0,50,0,16.0,43.125,0.17391304347826086,7,1.716403309023879,6.749055452820779,0
Smoothies & Shakes,Chocolate Shake (Small),12 fl oz cup,560,150,16.0,25,10.0,51,1.0,60,20,240,10,91,30,1,5,77,12,20,0,40,8,12.0,46.666666666666664,0.17391304347826086,7,1.3677255653203353,4.576170106093709,0
Smoothies & Shakes,Chocolate Shake (Medium),16 fl oz cup,700,180,20.0,30,12.0,62,1.0,75,24,300,13,114,38,2,6,97,15,25,0,50,10,16.0,43.75,0.17391304347826086,7,2.6579984175457643,6.261657994685109,0
Smoothies & Shakes,Shamrock Shake (Medium),16 fl oz cup,660,170,19.0,29,12.0,61,1.0,75,24,210,9,109,36,0,0,93,14,25,0,50,0,16.0,41.25,0.17272727272727273,7,1.455984718771088,6.369841258476388,0
Smoothies & Shakes,McFlurry with M&M’s Candies (Small),10.9 oz (310 g),650,210,23.0,35,14.0,72,0.5,50,17,180,7,96,32,1,6,89,13,15,0,45,8,10.9,59.63302752293578,0.23711340206185566,7,2.3417580005281895,4.95463983787738,0
Smoothies & Shakes,McFlurry with M&M’s Candies (Snack),7.3 oz (207 g),430,140,15.0,24,10.0,48,0.0,35,11,120,5,64,21,1,4,59,9,10,0,30,4,7.3,58.9041095890411,0.23076923076923078,7,0.14593481801572433,2.0245660671313477,3
Smoothies & Shakes,McFlurry with Oreo Cookies (Small),10.1 oz (285 g),510,150,17.0,26,9.0,44,0.5,45,14,280,12,80,27,1,4,64,12,15,0,40,8,10.1,50.495049504950494,0.20987654320987653,7,0.9570054733010795,3.3314921512637254,0
Smoothies & Shakes,McFlurry with Oreo Cookies (Medium),13.4 oz (381 g),690,200,23.0,35,12.0,58,1.0,55,19,380,16,106,35,1,5,85,15,20,0,50,10,13.4,51.492537313432834,0.21495327102803738,7,2.6395310610964806,5.611580078321546,0
Smoothies & Shakes,McFlurry with Oreo Cookies (Snack),6.7 oz (190 g),340,100,11.0,17,6.0,29,0.0,30,9,190,8,53,18,1,2,43,8,10,0,25,6,6.7,50.74626865671642,0.2037037037037037,7,-0.8246327979674466,0.8980932570289756,3
Smoothies & Shakes,McFlurry with Reese's Peanut Butter Cups (Medium),14.2 oz (403 g),810,290,32.0,50,15.0,76,1.0,60,20,400,17,114,38,2,9,103,21,20,0,60,6,14.2,57.04225352112676,0.2782608695652174,7,4.383406343371753,6.753130036567525,0
Smoothies & Shakes,McFlurry with Reese's Peanut Butter Cups (Snack),7.1 oz (202 g),410,150,16.0,25,8.0,38,0.0,30,10,200,8,57,19,1,5,51,10,10,0,30,4,7.1,57.74647887323944,0.27586206896551724,7,0.1059691432503198,1.4425610064188883,3
